{"cameraMode":{"drawMode":0,"name":"Shaded","section":"Shading Mode"},"sceneLighting":true,"audioPlay":false,"sceneViewState":{"showFog":true,"showMaterialUpdate":false,"showSkybox":true,"showFlares":true,"showImageEffects":true,"showParticleSystems":true},"in2DMode":false,"pivot":{"x":7.304502487182617,"y":0.1689896583557129,"z":21.07819175720215},"rotation":{"x":0.041751086711883548,"y":0.5019197463989258,"z":-0.0242655947804451,"w":0.8635620474815369},"size":10.528549194335938,"orthographic":false}