{"cameraMode":{"drawMode":0,"name":"Shaded","section":"Shading Mode"},"sceneLighting":true,"audioPlay":false,"sceneViewState":{"showFog":true,"showMaterialUpdate":false,"showSkybox":true,"showFlares":true,"showImageEffects":true,"showParticleSystems":true,"showVisualEffectGraphs":true,"m_FxEnabled":true},"in2DMode":false,"pivot":{"x":2.548201560974121,"y":-6.430428504943848,"z":19.694700241088868},"rotation":{"x":0.038426369428634647,"y":0.16916030645370484,"z":-0.006645740941166878,"w":0.9849090576171875},"size":13.994935989379883,"orthographic":true}